{
  "calibrator": {
    "name": "linear_lr",
    "beta": [
      -2.0326509897390737,
      -0.06597709740007277,
      0.07108888168088245,
      -2.377753143279946,
      1.6759574603262926,
      -1.5556873382914587,
      2.5896810016861926,
      -5.440514887751626,
      5.457101554375438,
      3.0057643564406056,
      -3.3129039141905077,
      -3.656937955421379,
      3.0400169061693716,
      -1.0755339435424232,
      2.244867628429433,
      -1.0091301895569185,
      0.5874315800346843,
      0.7978895738704573,
      -4.226746444092164,
      -2.0046717516924004,
      -1.668773875974668,
      1.672941919057895,
      2.7220171395974986,
      -4.3632525169499,
      3.46582002116695,
      -3.265051364125483,
      3.754324494312462,
      2.2047381805232917,
      -4.606251766421033,
      -0.013905287911413296,
      -3.2575896199708825,
      -2.3627454053109274,
      5.458364702784851,
      0.6268488881431497,
      -3.3646978906746163,
      10.035301171957167,
      2.189423424763805,
      0.07062490101324982,
      0.48427545677765904,
      -0.4463143048779436,
      0.35216668261819123,
      0.4063577088413008,
      0.44686423832737965,
      -0.007390096070438894,
      0.3482335867978918,
      0.4593637640722231,
      0.5306327157584467,
      0.6076340191189459,
      0.44030746589727754,
      -0.2927308417561503,
      0.7774809069017451
    ],
    "standardize": true,
    "mean": [
      0.5811553452443331,
      0.7855086550293491,
      0.7974347099969163,
      0.7796767056290992,
      0.5813263646867126,
      0.7858484560921788,
      0.7978750248113647,
      0.7800774134816602,
      0.5824407257307321,
      0.7862658837791532,
      0.7978722216757015,
      0.7800199623908848,
      0.5802409761268645,
      0.784781406102702,
      0.7968379508098588,
      0.7790918174665421,
      0.5797116575371474,
      0.7843702873494476,
      0.7968505545360968,
      0.7792697850102559,
      0.5818120548445731,
      0.7856534299124033,
      0.7974337391434237,
      0.7796410489687696,
      0.581654442479834,
      0.7864303334821016,
      0.7979562914045527,
      0.7800901548573748,
      0.5809011967722326,
      0.7852107899561525,
      0.7972171891974286,
      0.7795467569753528,
      0.5959304270762951,
      0.7976318586487323,
      0.8068452965756878,
      0.7871269620200619,
      67.4985,
      99.89875,
      57.1205,
      99.9055,
      77.604,
      99.89325,
      66.0225,
      99.89725,
      64.792,
      99.8975,
      71.60225,
      99.89375,
      67.449,
      99.89775
    ],
    "std": [
      0.1182666481703071,
      0.13348569135319863,
      0.18304725892718676,
      0.2237818598893464,
      0.11947646491894064,
      0.13379306011263417,
      0.18305745841529716,
      0.2236499867487427,
      0.11906547426675569,
      0.1328676888130233,
      0.18287274633063758,
      0.22362860984970653,
      0.11877308411392463,
      0.1344600354260036,
      0.18359842327247788,
      0.22420747079820966,
      0.11885874070322328,
      0.1351776129615022,
      0.1836667176141608,
      0.2241825226265114,
      0.11851200960787876,
      0.1336998348080933,
      0.18312203491693058,
      0.22389302185459176,
      0.11958986442472169,
      0.13356572890554047,
      0.1831313900043517,
      0.22384436382148384,
      0.11879863212101313,
      0.13380473022463768,
      0.1833592799289695,
      0.22399919065096693,
      0.1282900769530771,
      0.12646411429630794,
      0.17674701248643213,
      0.21917895709445506,
      25.812487244549025,
      0.453319354870276,
      21.614242520847455,
      0.40812957501265307,
      25.177950353434333,
      0.47313257919951446,
      26.218171060354276,
      0.45463439982035786,
      25.573408767702585,
      0.456063317972423,
      26.118892490637847,
      0.4716576486181702,
      26.201591535630143,
      0.45364626913488365
    ],
    "threshold_raw_p05": null
  },
  "meta": {
    "detector": "RAIDAR[llama-3.2-1b-instruct]",
    "detector_type": "Metric-based",
    "dev": {
      "num_samples": 4000,
      "pos": 2000,
      "neg": 2000,
      "auroc_on_scores": null,
      "metrics_on_probs": {
        "acc": 0.9205,
        "precision": 0.8940955951265229,
        "recall": 0.954,
        "f1": 0.923076923076923,
        "confusion": {
          "tp": 1908,
          "tn": 1774,
          "fp": 226,
          "fn": 92
        },
        "num_samples": 4000,
        "num_pos": 2000,
        "num_neg": 2000,
        "auroc": 0.9728882499999966,
        "aupr": 0.9631141937466515
      },
      "feature_dim": 50
    },
    "models": {
      "model1": "/home/lyf/models/llama-3.2-1b-instruct",
      "model2": null
    },
    "dataset": "/home/lyf/dataset/hc3/all.jsonl",
    "fit": {
      "name": "linear_lr",
      "l2": 0.01,
      "max_iter": 200,
      "tol": 1e-06,
      "standardize": true
    }
  }
}