{
  "calibrator": {
    "name": "linear_lr",
    "beta": [
      2.4664361794950938,
      -7.141300500227632,
      2.8129553859646528,
      0.38293950063867865,
      5.959499221530401
    ],
    "standardize": true,
    "mean": [
      0.4385441307723522,
      0.13690955063328147,
      0.09220324514433742,
      0.3323430731904227
    ],
    "std": [
      0.2953522347465579,
      0.04739523355191835,
      0.020106534019827565,
      0.3302587650803949
    ],
    "threshold_raw_p05": null,
    "decision_mode": "acc",
    "decision_threshold": 0.9860280752182007
  },
  "meta": {
    "detector": "GLTR[gpt-neo-125m]",
    "detector_type": "Metric-based",
    "dev": {
      "num_samples": 400,
      "pos": 190,
      "neg": 210,
      "auroc_on_scores": null,
      "metrics_on_probs": {
        "acc": 0.995,
        "precision": 1.0,
        "recall": 0.9894736842105263,
        "f1": 0.9947089947089947,
        "confusion": {
          "tp": 188,
          "tn": 210,
          "fp": 0,
          "fn": 2
        },
        "num_samples": 400,
        "num_pos": 190,
        "num_neg": 210,
        "auroc": 0.9997243107769423,
        "aupr": 0.9997061100103006
      },
      "feature_dim": 4,
      "tpr_at_fpr": {
        "0.05": {
          "threshold": 0.05857030674815178,
          "tpr": 1.0,
          "fpr": 0.04285714285714286
        },
        "0.01": {
          "threshold": 0.13071855902671814,
          "tpr": 0.9947368421052631,
          "fpr": 0.009523809523809525
        },
        "0.001": {
          "threshold": 0.9860280752182007,
          "tpr": 0.9894736842105263,
          "fpr": 0.0
        },
        "0.0001": {
          "threshold": 0.9860280752182007,
          "tpr": 0.9894736842105263,
          "fpr": 0.0
        }
      },
      "threshold_mode": "acc",
      "selected_threshold": {
        "mode": "acc",
        "threshold": 0.9860280752182007,
        "metric_value": 0.995,
        "metrics": {
          "acc": 0.995,
          "precision": 1.0,
          "recall": 0.9894736842105263,
          "f1": 0.9947089947089947,
          "confusion": {
            "tp": 188,
            "tn": 210,
            "fp": 0,
            "fn": 2
          },
          "num_samples": 400,
          "num_pos": 190,
          "num_neg": 210
        }
      }
    },
    "models": {
      "model1": "EleutherAI/gpt-neo-125m",
      "model2": null
    },
    "dataset": "data/arxiv.llama32_3b.train.jsonl",
    "fit": {
      "name": "linear_lr",
      "l2": 0.01,
      "max_iter": 200,
      "tol": 1e-06,
      "standardize": true
    }
  }
}