{
  "calibrator": {
    "name": "linear_lr",
    "beta": [
      -5.644278931046018,
      1.6392524638293584,
      -0.6033683012450706,
      -0.40256916101308493,
      -0.42004492361262685,
      1.6381658181972565,
      -0.6385887516120442,
      -0.4083155720220321,
      -0.41735488982840047,
      1.6874495059406116,
      -0.5751262426834549,
      -0.3783312851568322,
      -0.4032733287816465,
      1.6426364068412906,
      -0.6429693486944255,
      -0.4231720582803335,
      -0.4464819152837989,
      1.5993748288027352,
      -0.5801748827758247,
      -0.390249357364663,
      -0.4142440101970567,
      1.6433687239593586,
      -0.5763890598445658,
      -0.3676168452066317,
      -0.392611971016702,
      1.5853673171775076,
      -0.6148623623790226,
      -0.43847289088739094,
      -0.4461645045141102,
      1.6690402758437,
      -0.5943887652115156,
      -0.40993701478853534,
      -0.4190016278086902,
      1.5339081807391792,
      -0.6844472483865606,
      -0.4349834315977222,
      -0.4137930032896641,
      -0.1491643895310804,
      -0.8125571810512622,
      0.07397258368128637,
      -0.6891024292278476,
      -0.7776997202269235,
      -0.6146861264900414,
      -0.4869301961413302,
      -0.6380489580438697,
      -0.033780239424804764,
      -0.6779743375262534,
      -3.286087370636023,
      -0.14536651404813788,
      -0.4098000001918535,
      -0.5987563030363946
    ],
    "standardize": true,
    "mean": [
      0.6647713860869408,
      0.8276045848429203,
      0.8514505376666784,
      0.8536496870964766,
      0.6645235152542591,
      0.8272371900826693,
      0.8510677803307771,
      0.8532559315860272,
      0.6678153377771378,
      0.8307829635590315,
      0.8547159408777952,
      0.8569305398315191,
      0.6669496204704046,
      0.8295511095970869,
      0.8534559064358472,
      0.8556554649025202,
      0.6642482689768076,
      0.8271959110349417,
      0.8510539257526397,
      0.8532702641189098,
      0.6657517620176077,
      0.8283967485278845,
      0.8522548465430737,
      0.8544590930640698,
      0.6598820823431015,
      0.8228440494835376,
      0.8465932689607143,
      0.8487592708319426,
      0.6642291113734246,
      0.8272241269797087,
      0.8510121043771506,
      0.853217251598835,
      0.6696284195780754,
      0.8315792051702737,
      0.855187924131751,
      0.8572680936753749,
      68.905,
      95.1225,
      68.9275,
      95.58,
      69.29,
      95.7475,
      68.3225,
      95.615,
      68.68,
      95.5225,
      71.36,
      96.5575,
      68.735,
      95.42
    ],
    "std": [
      0.07216480740796685,
      0.10053037143772368,
      0.12153330109358469,
      0.12603510696792586,
      0.0721537184261479,
      0.10081200188836081,
      0.12188085634259423,
      0.12641317653889586,
      0.07428022588161527,
      0.09770796364775428,
      0.1186154000727879,
      0.1231201833571244,
      0.07358527471170022,
      0.09871239656765286,
      0.11966696141462325,
      0.12417679914621375,
      0.0719052322785737,
      0.10099642655775505,
      0.1219379205450623,
      0.12639878361917062,
      0.07268956045485352,
      0.0998915183638962,
      0.12088575508002974,
      0.1253523021696977,
      0.06886237603448335,
      0.10475126968010086,
      0.12584986674073487,
      0.1303852077906038,
      0.07191274234117626,
      0.10090576129360146,
      0.12194496352782667,
      0.12644770722359452,
      0.07456378285953023,
      0.09689331571254092,
      0.11810385579461373,
      0.12276837512648,
      4.7849738766267045,
      5.31154344329405,
      4.340189367988458,
      4.836176175451006,
      4.929087136580165,
      4.827395130916886,
      3.914523438427721,
      4.628366342458203,
      4.175236520246497,
      4.811392080261177,
      4.287236872392281,
      3.9814185600109906,
      4.405652619079264,
      4.849082387421358
    ],
    "threshold_raw_p05": null,
    "decision_mode": "acc",
    "decision_threshold": 0.9522594213485718
  },
  "meta": {
    "detector": "RAIDAR[Llama-3.2-3B-Instruct]",
    "detector_type": "Metric-based",
    "dev": {
      "num_samples": 400,
      "pos": 190,
      "neg": 210,
      "auroc_on_scores": null,
      "metrics_on_probs": {
        "acc": 1.0,
        "precision": 1.0,
        "recall": 1.0,
        "f1": 1.0,
        "confusion": {
          "tp": 190,
          "tn": 210,
          "fp": 0,
          "fn": 0
        },
        "num_samples": 400,
        "num_pos": 190,
        "num_neg": 210,
        "auroc": 1.0,
        "aupr": 1.0
      },
      "feature_dim": 50,
      "tpr_at_fpr": {
        "0.05": {
          "threshold": 0.9522594213485718,
          "tpr": 1.0,
          "fpr": 0.0
        },
        "0.01": {
          "threshold": 0.9522594213485718,
          "tpr": 1.0,
          "fpr": 0.0
        },
        "0.001": {
          "threshold": 0.9522594213485718,
          "tpr": 1.0,
          "fpr": 0.0
        },
        "0.0001": {
          "threshold": 0.9522594213485718,
          "tpr": 1.0,
          "fpr": 0.0
        }
      },
      "threshold_mode": "acc",
      "selected_threshold": {
        "mode": "acc",
        "threshold": 0.9522594213485718,
        "metric_value": 1.0,
        "metrics": {
          "acc": 1.0,
          "precision": 1.0,
          "recall": 1.0,
          "f1": 1.0,
          "confusion": {
            "tp": 190,
            "tn": 210,
            "fp": 0,
            "fn": 0
          },
          "num_samples": 400,
          "num_pos": 190,
          "num_neg": 210
        }
      }
    },
    "models": {
      "model1": "/home/hqdeng7/zhouqi/meta-llama/Llama-3.2-3B-Instruct",
      "model2": null
    },
    "dataset": "data/arxiv.llama32_3b.train.jsonl",
    "fit": {
      "name": "linear_lr",
      "l2": 0.01,
      "max_iter": 200,
      "tol": 1e-06,
      "standardize": true
    }
  }
}