{
  "calibrator": {
    "name": "platt_lr",
    "beta0": 2.3008162013924323,
    "beta1": -7.423927587987124,
    "standardize": true,
    "mean": -5569.161622209549,
    "std": 5820.464481957652,
    "threshold_raw_p05": -3765.2891004210724,
    "decision_mode": "acc",
    "decision_threshold": 0.9959635138511658
  },
  "meta": {
    "detector": "RankDetector[gpt-neo-125m]",
    "detector_type": "Metric-based",
    "dev": {
      "num_samples": 400,
      "pos": 190,
      "neg": 210,
      "auroc_on_scores": 0.0038095238095238204,
      "metrics_on_probs": {
        "acc": 0.995,
        "precision": 1.0,
        "recall": 0.9894736842105263,
        "f1": 0.9947089947089947,
        "confusion": {
          "tp": 188,
          "tn": 210,
          "fp": 0,
          "fn": 2
        },
        "num_samples": 400,
        "num_pos": 190,
        "num_neg": 210,
        "auroc": 0.9961904761904773,
        "aupr": 0.9976381919486541
      },
      "feature_dim": 1,
      "tpr_at_fpr": {
        "0.05": {
          "threshold": 0.013077734969556332,
          "tpr": 0.9947368421052631,
          "fpr": 0.004761904761904762
        },
        "0.01": {
          "threshold": 0.013077734969556332,
          "tpr": 0.9947368421052631,
          "fpr": 0.004761904761904762
        },
        "0.001": {
          "threshold": 0.9959635138511658,
          "tpr": 0.9894736842105263,
          "fpr": 0.0
        },
        "0.0001": {
          "threshold": 0.9959635138511658,
          "tpr": 0.9894736842105263,
          "fpr": 0.0
        }
      },
      "threshold_mode": "acc",
      "selected_threshold": {
        "mode": "acc",
        "threshold": 0.9959635138511658,
        "metric_value": 0.995,
        "metrics": {
          "acc": 0.995,
          "precision": 1.0,
          "recall": 0.9894736842105263,
          "f1": 0.9947089947089947,
          "confusion": {
            "tp": 188,
            "tn": 210,
            "fp": 0,
            "fn": 2
          },
          "num_samples": 400,
          "num_pos": 190,
          "num_neg": 210
        }
      }
    },
    "models": {
      "model1": "EleutherAI/gpt-neo-125m",
      "model2": null
    },
    "dataset": "data/arxiv.llama32_3b.train.jsonl",
    "fit": {
      "name": "platt_lr",
      "l2": 0.01,
      "max_iter": 200,
      "tol": 1e-06,
      "standardize": true
    }
  }
}